S. No.,Name of State / UT,Total Confirmed cases,Cured/Discharged/Migrated,Deaths
1,Andhra Pradesh,226,1,3
2,Andaman and Nicobar Islands,10,0,0
3,Arunachal Pradesh,1,0,0
4,Assam,26,0,0
5,Bihar,30,0,1
6,Chandigarh,18,0,0
7,Chhattisgarh,9,3,0
8,Delhi,503,18,7
9,Goa,7,0,0
10,Gujarat,122,18,11
11,Haryana,84,25,1
12,Himachal Pradesh,13,1,1
13,Jammu and Kashmir,106,4,2
14,Jharkhand,3,0,0
15,Karnataka,151,12,4
16,Kerala,314,55,2
17,Ladakh,14,10,0
18,Madhya Pradesh,165,0,9
19,Maharashtra,690,42,45
20,Manipur,2,0,0
21,Mizoram,1,0,0
22,Odisha,21,2,0
23,Pondicherry,5,1,0
24,Punjab,68,4,6
25,Rajasthan,253,21,0
26,Tamil Nadu,571,8,5
27,Telengana,321,34,7
28,Uttarakhand,26,4,0
29,Uttar Pradesh,227,19,2
30,West Bengal,80,10,3